Subfolder,Classification,Average Correlation,Label
id0_0000.mp4_243,Deepfake,0.8641248445666871,1.0
id0_0001.mp4_119,Deepfake,0.8432848724435423,1.0
id0_0002.mp4_321,Real,0.9906708381735648,1.0
id0_0003.mp4_38,Deepfake,0.9003524652144738,1.0
id0_0004.mp4_287,Real,0.9665682848084232,1.0
id0_0005.mp4_205,Real,0.9938202990808056,1.0
id0_0006.mp4_122,Deepfake,0.8149559094344805,1.0
id0_0007.mp4_285,Real,0.9820890853018315,1.0
id0_0008.mp4_110,Deepfake,0.9119915081382227,1.0
id0_id16_0000.mp4_421,Deepfake,0.9133902282064756,0.0
id0_id16_0001.mp4_279,Deepfake,0.8678341562177807,0.0
id0_id16_0002.mp4_227,Real,0.9872426022663556,0.0
id0_id16_0003.mp4_303,Deepfake,0.8920334832013708,0.0
id0_id16_0004.mp4_149,Real,0.9944392452260924,0.0
id0_id16_0005.mp4_126,Deepfake,0.8744657013461722,0.0
id0_id16_0006.mp4_461,Deepfake,0.893241049173459,0.0
id0_id16_0007.mp4_67,Deepfake,0.9219083132227442,0.0
id0_id16_0008.mp4_82,Deepfake,0.7746273896845839,0.0
id0_id16_0009.mp4_231,Deepfake,0.8319995443189749,0.0
id0_id17_0000.mp4_67,Deepfake,0.8150437321387056,0.0
id0_id17_0001.mp4_144,Deepfake,0.8446331087976989,0.0
id0_id17_0002.mp4_269,Deepfake,0.9402239396060605,0.0
id0_id17_0003.mp4_52,Deepfake,0.7974020627231638,0.0
id0_id17_0005.mp4_280,Deepfake,0.8392422076780357,0.0
id0_id17_0006.mp4_165,Deepfake,0.9404928449149164,0.0
id0_id17_0007.mp4_367,Real,0.9972453568003594,0.0
id0_id17_0009.mp4_392,Deepfake,0.8341773538425986,0.0
id0_id1_0000.mp4_320,Real,0.9949926029628919,0.0
id0_id1_0001.mp4_164,Real,0.9810303766559876,0.0
id0_id1_0002.mp4_29,Deepfake,0.9396134109344303,0.0
id0_id1_0003.mp4_317,Real,0.9572981274890765,0.0
id0_id1_0005.mp4_200,Real,0.9970991715908265,0.0
id0_id1_0006.mp4_396,Deepfake,0.9042864548479389,0.0
id0_id1_0007.mp4_403,Deepfake,0.948662037964771,0.0
id0_id1_0009.mp4_124,Real,0.9976748639765319,0.0
id0_id2_0000.mp4_32,Deepfake,0.8777837959491568,0.0
id0_id2_0001.mp4_185,Deepfake,0.9192192904365073,0.0
id0_id2_0002.mp4_328,Real,0.9968811220373646,0.0
id0_id2_0003.mp4_194,Real,0.9572498221305925,0.0
id0_id2_0004.mp4_13,Deepfake,0.9441641986379863,0.0
id0_id2_0005.mp4_380,Deepfake,0.887755414508213,0.0
id0_id2_0006.mp4_248,Real,0.9905902942614194,0.0
id0_id2_0007.mp4_450,Deepfake,0.8395689397530702,0.0
id0_id2_0008.mp4_201,Deepfake,0.8523563754756197,0.0
id0_id2_0009.mp4_144,Deepfake,0.8266704814254369,0.0
id0_id3_0000.mp4_125,Deepfake,0.8028148384445448,0.0
id0_id3_0001.mp4_3,Deepfake,0.8337958537592506,0.0
id0_id3_0002.mp4_293,Deepfake,0.8695259511637069,0.0
id0_id3_0003.mp4_253,Deepfake,0.7731328666115881,0.0
id0_id3_0004.mp4_104,Deepfake,0.8949603098292389,0.0
id0_id3_0005.mp4_422,Deepfake,0.94060249821772,0.0
id0_id3_0006.mp4_157,Real,0.9985906089069121,0.0
id0_id3_0007.mp4_136,Real,0.9602787010566871,0.0
id0_id3_0008.mp4_113,Deepfake,0.9082941303018424,0.0
id0_id3_0009.mp4_28,Real,0.9927648233216818,0.0
id0_id4_0000.mp4_82,Deepfake,0.8819965088921101,0.0
id0_id4_0001.mp4_152,Deepfake,0.8988671078520819,0.0
id0_id4_0002.mp4_336,Deepfake,0.9411507035468717,0.0
id0_id4_0003.mp4_499,Deepfake,0.8914284974755046,0.0
id0_id4_0004.mp4_276,Real,0.9739622375074536,0.0
id0_id4_0005.mp4_116,Deepfake,0.8664775213258817,0.0
id0_id4_0006.mp4_482,Real,0.9966735476282456,0.0
id0_id4_0009.mp4_348,Deepfake,0.8856381412445585,0.0
id0_id6_0000.mp4_385,Deepfake,0.8642661917299755,0.0
id0_id6_0001.mp4_216,Deepfake,0.7393335475312758,0.0
id0_id6_0002.mp4_152,Real,0.9977744676255177,0.0
id0_id6_0006.mp4_154,Real,0.9980815592718173,0.0
id0_id6_0007.mp4_327,Real,0.9966820040322915,0.0
id0_id6_0009.mp4_429,Deepfake,0.8028855025451073,0.0
id0_id9_0000.mp4_337,Real,0.9964648367407555,0.0
id0_id9_0001.mp4_5,Deepfake,0.8389431220932099,0.0
id0_id9_0002.mp4_171,Real,0.9937173453558575,0.0
id0_id9_0003.mp4_165,Deepfake,0.8980801915559398,0.0
id0_id9_0005.mp4_374,Real,0.96015759364631,0.0
id0_id9_0006.mp4_360,Deepfake,0.9116792174778253,0.0
id0_id9_0007.mp4_47,Deepfake,0.8987255024080555,0.0
id0_id9_0008.mp4_144,Deepfake,0.9183013549005298,0.0
id0_id9_0009.mp4_253,Deepfake,0.839201518968914,0.0
id10_0000.mp4_133,Deepfake,0.8720503578680868,1.0
id10_0001.mp4_113,Deepfake,0.9460631623877649,1.0
id10_0002.mp4_147,Deepfake,0.9234191976263019,1.0
id10_0003.mp4_172,Deepfake,0.9467235189011269,1.0
id10_0004.mp4_411,Deepfake,0.8767231556819438,1.0
id10_0005.mp4_49,Deepfake,0.9233927656461227,1.0
id10_0006.mp4_23,Real,0.9769978820185201,1.0
id10_0007.mp4_427,Deepfake,0.9275512542219958,1.0
id10_0008.mp4_61,Real,0.9959647395315682,1.0
id10_0009.mp4_382,Deepfake,0.9428732700907222,1.0
id10_id11_0001.mp4_8,Real,0.9703798699628563,0.0
id10_id11_0002.mp4_305,Deepfake,0.8584288162988625,0.0
id10_id11_0003.mp4_153,Deepfake,0.8859986864884061,0.0
id10_id11_0004.mp4_106,Real,0.9834901332984263,0.0
id10_id11_0005.mp4_195,Deepfake,0.9291077583121162,0.0
id10_id11_0006.mp4_135,Deepfake,0.7867144632574363,0.0
id10_id11_0007.mp4_27,Deepfake,0.9481734981765503,0.0
id10_id11_0008.mp4_303,Deepfake,0.9061066722746716,0.0
id10_id12_0001.mp4_48,Deepfake,0.9393248356017821,0.0
id10_id12_0002.mp4_77,Real,0.9517164834653395,0.0
id10_id12_0003.mp4_91,Deepfake,0.8504208464869965,0.0
id10_id12_0004.mp4_469,Deepfake,0.8711213550483052,0.0
id10_id12_0005.mp4_284,Deepfake,0.9182225205160173,0.0
id10_id12_0006.mp4_51,Deepfake,0.8604761996113429,0.0
id10_id12_0007.mp4_43,Real,0.9515531088989576,0.0
id10_id12_0008.mp4_6,Deepfake,0.9204658090280649,0.0
id10_id13_0001.mp4_54,Real,0.9585189551228362,0.0
id10_id13_0002.mp4_46,Real,0.9942671801089478,0.0
id10_id13_0003.mp4_67,Deepfake,0.8499635493886495,0.0
id10_id13_0004.mp4_474,Deepfake,0.9158591244047088,0.0
id10_id13_0005.mp4_189,Deepfake,0.9342370877607776,0.0
id10_id13_0006.mp4_47,Deepfake,0.8882357472362217,0.0
id10_id13_0007.mp4_238,Deepfake,0.9330758472743418,0.0
id10_id13_0008.mp4_120,Real,0.996119332987985,0.0
id10_id7_0001.mp4_63,Real,0.9546914049491751,0.0
id10_id7_0002.mp4_276,Deepfake,0.9015962927567537,0.0
id10_id7_0003.mp4_119,Deepfake,0.9371968585806587,0.0
id10_id7_0004.mp4_94,Deepfake,0.9011931893920218,0.0
id10_id7_0005.mp4_15,Deepfake,0.9223920908206769,0.0
id10_id7_0006.mp4_30,Deepfake,0.8612090567309086,0.0
id10_id7_0007.mp4_351,Real,0.9681968483338786,0.0
id10_id7_0008.mp4_348,Deepfake,0.8940328740873256,0.0
id10_id7_0009.mp4_214,Deepfake,0.840278287590618,0.0
id11_0000.mp4_140,Deepfake,0.8905411122147137,1.0
id11_0001.mp4_208,Real,0.9893228793094622,1.0
id11_0002.mp4_195,Deepfake,0.9097398651324856,1.0
id11_0003.mp4_212,Deepfake,0.9093606170304315,1.0
id11_0004.mp4_296,Deepfake,0.937905295148719,1.0
id11_0005.mp4_259,Deepfake,0.9063413068294348,1.0
id11_0006.mp4_151,Real,0.9991430757572982,1.0
id11_0007.mp4_76,Deepfake,0.8843488746334558,1.0
id11_0008.mp4_226,Real,0.9628747970929044,1.0
id11_0009.mp4_171,Real,0.9983722314476318,1.0
id11_0010.mp4_160,Deepfake,0.9067233264170942,1.0
id11_id7_0000.mp4_167,Deepfake,0.8451226741852246,0.0
id11_id7_0001.mp4_285,Real,0.9950354944706948,0.0
id11_id7_0002.mp4_164,Deepfake,0.7968333177185092,0.0
id11_id7_0003.mp4_206,Deepfake,0.8361888339765673,0.0
id11_id7_0004.mp4_210,Real,0.9987819203231015,0.0
id11_id7_0005.mp4_294,Deepfake,0.8662427177835338,0.0
id11_id7_0006.mp4_189,Deepfake,0.8305383624170123,0.0
id11_id7_0007.mp4_61,Real,0.9972348799784406,0.0
id11_id7_0008.mp4_318,Deepfake,0.9374330049625286,0.0
id11_id7_0009.mp4_272,Real,0.9893146737909746,0.0
id11_id7_0010.mp4_222,Real,0.9715366721115355,0.0
id12_0000.mp4_109,Real,0.9990971211175794,1.0
id12_0001.mp4_165,Deepfake,0.9409250572493927,1.0
id12_0002.mp4_244,Real,0.9846532887202583,1.0
id12_0003.mp4_241,Deepfake,0.9108013038852277,1.0
id12_0004.mp4_316,Deepfake,0.9065930986827252,1.0
id12_0005.mp4_288,Deepfake,0.8791350551475934,1.0
id12_0006.mp4_254,Deepfake,0.8896231611342973,1.0
id12_id10_0001.mp4_241,Deepfake,0.9404044358496644,0.0
id12_id10_0002.mp4_314,Deepfake,0.9458659889780537,0.0
id12_id10_0004.mp4_124,Deepfake,0.8993532907009232,0.0
id12_id10_0005.mp4_188,Deepfake,0.9234737747727199,0.0
id12_id10_0006.mp4_195,Deepfake,0.83730219281661,0.0
id12_id7_0000.mp4_186,Real,0.9991867989819597,0.0
id12_id7_0001.mp4_5,Deepfake,0.8806696405622664,0.0
id12_id7_0002.mp4_283,Real,0.9972382560827939,0.0
id12_id7_0004.mp4_253,Deepfake,0.9314881423071468,0.0
id12_id7_0005.mp4_13,Real,0.9853954250385275,0.0
id12_id7_0006.mp4_219,Deepfake,0.8238103970135381,0.0
id13_0000.mp4_209,Real,0.9968510942338304,1.0
id13_0001.mp4_147,Real,0.9968029596736298,1.0
id13_0002.mp4_250,Deepfake,0.7336373920715281,1.0
id13_0003.mp4_284,Deepfake,0.8111390365650447,1.0
id13_0004.mp4_288,Real,0.9573812994378481,1.0
id13_0005.mp4_162,Real,0.9972851016499508,1.0
id13_0006.mp4_58,Real,0.9867690865072594,1.0
id13_0007.mp4_217,Real,0.9617185697549214,1.0
id13_0008.mp4_407,Real,0.9674285115679226,1.0
id13_0009.mp4_411,Real,0.9677009854823221,1.0
id13_0010.mp4_295,Deepfake,0.9127903879103711,1.0
id13_0011.mp4_307,Real,0.9946170066194108,1.0
id13_0012.mp4_286,Real,0.9983685044010916,1.0
id13_0013.mp4_21,Real,0.958207447861835,1.0
id13_0014.mp4_73,Real,0.9648284909709459,1.0
id13_0015.mp4_2,Real,0.9959592771701203,1.0
id13_id10_0000.mp4_27,Real,0.998250784937494,0.0
id13_id10_0001.mp4_331,Real,0.9520170250029388,0.0
id13_id10_0003.mp4_79,Real,0.9921369391551438,0.0
id13_id10_0004.mp4_222,Deepfake,0.9076097753974882,0.0
id13_id10_0005.mp4_256,Real,0.9683536923279544,0.0
id13_id10_0007.mp4_254,Deepfake,0.8648346169809827,0.0
id13_id10_0008.mp4_255,Real,0.9501442452890747,0.0
id13_id10_0011.mp4_68,Real,0.9961962625035855,0.0
id13_id10_0012.mp4_298,Deepfake,0.9095552398292045,0.0
id13_id10_0014.mp4_123,Real,0.9947126433948089,0.0
id13_id10_0015.mp4_255,Real,0.9939994687136678,0.0
id13_id7_0000.mp4_282,Real,0.9519107817674399,0.0
id13_id7_0001.mp4_147,Real,0.9966319616593403,0.0
id13_id7_0002.mp4_323,Deepfake,0.9153655580731465,0.0
id13_id7_0003.mp4_320,Real,0.9505636101347495,0.0
id13_id7_0004.mp4_249,Real,0.9947487035295914,0.0
id13_id7_0005.mp4_109,Real,0.9872183636337882,0.0
id13_id7_0007.mp4_312,Real,0.9930634955727874,0.0
id13_id7_0008.mp4_371,Real,0.9971369369685473,0.0
id13_id7_0009.mp4_413,Real,0.9694323458940343,0.0
id13_id7_0011.mp4_1,Real,0.9589686597967197,0.0
id13_id7_0012.mp4_122,Deepfake,0.8785189975697899,0.0
id13_id7_0015.mp4_41,Deepfake,0.9199237030737127,0.0
id16_0000.mp4_144,Real,0.972674920703394,1.0
id16_0001.mp4_189,Real,0.9914117249258495,1.0
id16_0002.mp4_17,Real,0.9813037366780392,1.0
id16_0003.mp4_17,Deepfake,0.9494566585933625,1.0
id16_0004.mp4_54,Real,0.9965178962819773,1.0
id16_0005.mp4_9,Real,0.9973172754380699,1.0
id16_0006.mp4_82,Real,0.9561468102033127,1.0
id16_0007.mp4_165,Real,0.9943373171721855,1.0
id16_0008.mp4_229,Deepfake,0.913537355889801,1.0
id16_0009.mp4_216,Deepfake,0.9117420745791475,1.0
id16_0010.mp4_178,Real,0.996855742227152,1.0
id16_0011.mp4_134,Deepfake,0.883511881136566,1.0
id16_0012.mp4_273,Real,0.9985058148075697,1.0
id16_0013.mp4_214,Real,0.9926373010067144,1.0
id16_id0_0000.mp4_142,Deepfake,0.9241353612063307,0.0
id16_id0_0001.mp4_178,Deepfake,0.934589124256511,0.0
id16_id0_0002.mp4_124,Real,0.9656821595988884,0.0
id16_id0_0003.mp4_184,Real,0.9864203307859324,0.0
id16_id0_0004.mp4_168,Deepfake,0.8527647957387651,0.0
id16_id0_0005.mp4_42,Real,0.9651930685499056,0.0
id16_id0_0006.mp4_199,Deepfake,0.9049449143119225,0.0
id16_id0_0007.mp4_133,Real,0.99175137161848,0.0
id16_id0_0009.mp4_189,Real,0.9992447480229738,0.0
id16_id0_0010.mp4_130,Real,0.9967880896553908,0.0
id16_id0_0011.mp4_8,Real,0.9863121807101887,0.0
id16_id0_0012.mp4_54,Deepfake,0.8872007176034029,0.0
id16_id0_0013.mp4_166,Real,0.9938029150601938,0.0
id16_id17_0000.mp4_205,Real,0.9972524693922294,0.0
id16_id17_0001.mp4_274,Real,0.9663522287371066,0.0
id16_id17_0002.mp4_160,Real,0.9980255545601303,0.0
id16_id17_0003.mp4_48,Deepfake,0.87642091446304,0.0
id16_id17_0004.mp4_357,Real,0.9956987421808479,0.0
id16_id17_0005.mp4_103,Deepfake,0.934462828811115,0.0
id16_id17_0006.mp4_38,Real,0.9839445649070648,0.0
id16_id17_0007.mp4_179,Real,0.9984414175442283,0.0
id16_id17_0009.mp4_194,Real,0.999313673037726,0.0
id16_id17_0010.mp4_283,Deepfake,0.8628413538901356,0.0
id16_id17_0011.mp4_207,Deepfake,0.8100339706766618,0.0
id16_id17_0012.mp4_172,Real,0.991604402131658,0.0
id16_id17_0013.mp4_259,Real,0.9982234318351929,0.0
id16_id1_0000.mp4_291,Real,0.9910797517492314,0.0
id16_id1_0001.mp4_78,Real,0.9630110813400182,0.0
id16_id1_0002.mp4_253,Real,0.9723398215986585,0.0
id16_id1_0003.mp4_50,Real,0.9503693475137832,0.0
id16_id1_0004.mp4_68,Real,0.953969825439037,0.0
id16_id1_0005.mp4_62,Real,0.9926012764186102,0.0
id16_id1_0006.mp4_35,Real,0.9845118482429949,0.0
id16_id1_0007.mp4_151,Real,0.9964214977056826,0.0
id16_id1_0009.mp4_139,Real,0.9991485819366073,0.0
id16_id1_0010.mp4_117,Deepfake,0.9419921000451189,0.0
id16_id1_0011.mp4_173,Deepfake,0.8346900489910861,0.0
id16_id1_0012.mp4_164,Real,0.9887721925148351,0.0
id16_id1_0013.mp4_156,Deepfake,0.9282456699774374,0.0
id16_id2_0000.mp4_266,Deepfake,0.8879487655572729,0.0
id16_id2_0001.mp4_286,Deepfake,0.9424398142614044,0.0
id16_id2_0002.mp4_218,Real,0.954245745407529,0.0
id16_id2_0003.mp4_57,Real,0.99574929210111,0.0
id16_id2_0004.mp4_284,Deepfake,0.9322136798649674,0.0
id16_id2_0005.mp4_312,Deepfake,0.9242681281022006,0.0
id16_id2_0006.mp4_137,Real,0.9972132223131438,0.0
id16_id2_0007.mp4_55,Real,0.9966776885988039,0.0
id16_id2_0009.mp4_194,Real,0.9672729158704514,0.0
id16_id2_0010.mp4_115,Deepfake,0.9258767361885822,0.0
id16_id2_0011.mp4_131,Deepfake,0.9223842449760856,0.0
id16_id2_0012.mp4_172,Real,0.9906711546924597,0.0
id16_id2_0013.mp4_12,Deepfake,0.7721832652036347,0.0
id16_id3_0000.mp4_80,Deepfake,0.6813380959954594,0.0
id16_id3_0001.mp4_267,Real,0.9546346782680217,0.0
id16_id3_0002.mp4_257,Real,0.9862400845885507,0.0
id16_id3_0003.mp4_218,Real,0.9544312965748358,0.0
id16_id3_0004.mp4_99,Deepfake,0.9364839762000048,0.0
id16_id3_0005.mp4_44,Real,0.9500327851663546,0.0
id16_id3_0006.mp4_106,Deepfake,0.8893403081908651,0.0
id16_id3_0007.mp4_54,Real,0.9967540593042936,0.0
id16_id3_0009.mp4_96,Real,0.9944089436861163,0.0
id16_id3_0010.mp4_58,Real,0.9653892376187483,0.0
id16_id3_0011.mp4_25,Deepfake,0.9491125713774881,0.0
id16_id3_0012.mp4_260,Deepfake,0.9116939603747928,0.0
id16_id3_0013.mp4_198,Real,0.9759398572890661,0.0
id16_id6_0000.mp4_295,Real,0.9898174311624927,0.0
id16_id6_0001.mp4_225,Deepfake,0.9000274274474109,0.0
id16_id6_0002.mp4_153,Deepfake,0.9375899385948461,0.0
id16_id6_0003.mp4_40,Real,0.9977382958198748,0.0
id16_id6_0004.mp4_8,Real,0.9974284588009155,0.0
id16_id6_0005.mp4_49,Deepfake,0.9351849797289499,0.0
id16_id6_0006.mp4_9,Real,0.9880444639807408,0.0
id16_id6_0007.mp4_108,Real,0.9969943688811906,0.0
id16_id6_0009.mp4_179,Real,0.9989222642172995,0.0
id16_id6_0010.mp4_131,Real,0.9971325305811398,0.0
id16_id6_0011.mp4_46,Real,0.952650003234611,0.0
id16_id6_0012.mp4_48,Real,0.9572314594166259,0.0
id16_id6_0013.mp4_153,Deepfake,0.8715084725017122,0.0
id16_id9_0000.mp4_41,Deepfake,0.8791987672984323,0.0
id16_id9_0001.mp4_92,Deepfake,0.8490960076521555,0.0
id16_id9_0002.mp4_244,Deepfake,0.9109058542243118,0.0
id16_id9_0003.mp4_216,Real,0.9525145747126857,0.0
id16_id9_0004.mp4_253,Deepfake,0.8888724910883901,0.0
id16_id9_0005.mp4_323,Deepfake,0.8980260642261002,0.0
id16_id9_0006.mp4_168,Deepfake,0.9162642964463245,0.0
id16_id9_0007.mp4_69,Deepfake,0.940396327220475,0.0
id16_id9_0009.mp4_190,Real,0.9992108373588315,0.0
id16_id9_0010.mp4_229,Real,0.9964204552894332,0.0
id16_id9_0011.mp4_54,Deepfake,0.8990047180915268,0.0
id16_id9_0012.mp4_180,Deepfake,0.9171886296086623,0.0
id16_id9_0013.mp4_53,Real,0.997622939891735,0.0
id17_0000.mp4_61,Real,0.9604456437490179,1.0
id17_0001.mp4_195,Real,0.9539710065189866,1.0
id17_0002.mp4_110,Deepfake,0.9102953583014703,1.0
id17_0003.mp4_101,Deepfake,0.8218501711046642,1.0
id17_0004.mp4_110,Deepfake,0.878420603121836,1.0
id17_0005.mp4_297,Deepfake,0.867835830020423,1.0
id17_0006.mp4_62,Real,0.9600443769350563,1.0
id17_0007.mp4_66,Deepfake,0.7154850622770988,1.0
id17_0008.mp4_100,Deepfake,0.8610499187985728,1.0
id17_0009.mp4_150,Deepfake,0.8615164600674863,1.0
id17_id0_0000.mp4_0,Real,0.9907278887892498,0.0
id17_id0_0001.mp4_243,Deepfake,0.7998308739265163,0.0
id17_id0_0002.mp4_115,Real,0.9770114021063055,0.0
id17_id0_0003.mp4_228,Deepfake,0.9468033495146567,0.0
id17_id0_0004.mp4_11,Deepfake,0.8262830238285541,0.0
id17_id0_0005.mp4_45,Real,0.9908618590883687,0.0
id17_id0_0006.mp4_154,Deepfake,0.7327153589128088,0.0
id17_id0_0007.mp4_102,Deepfake,0.8700322866732354,0.0
id17_id0_0009.mp4_23,Real,0.9973600129340333,0.0
id17_id16_0000.mp4_21,Real,0.9933256761604393,0.0
id17_id16_0001.mp4_140,Real,0.9979884296256174,0.0
id17_id16_0002.mp4_161,Deepfake,0.8799240796363121,0.0
id17_id16_0003.mp4_137,Deepfake,0.9266344691238988,0.0
id17_id16_0004.mp4_215,Deepfake,0.9467724085293732,0.0
id17_id16_0005.mp4_291,Deepfake,0.8435869678653429,0.0
id17_id16_0006.mp4_4,Deepfake,0.9415442432839587,0.0
id17_id16_0007.mp4_159,Real,0.9981620943260574,0.0
id17_id16_0009.mp4_27,Real,0.979046289286673,0.0
id17_id1_0000.mp4_216,Real,0.9859637300947096,0.0
id17_id1_0001.mp4_112,Real,0.9896129841829229,0.0
id17_id1_0002.mp4_105,Deepfake,0.9193080946778402,0.0
id17_id1_0003.mp4_46,Real,0.995625349987068,0.0
id17_id1_0004.mp4_283,Deepfake,0.892126312317579,0.0
id17_id1_0005.mp4_87,Deepfake,0.9499299221969578,0.0
id17_id1_0006.mp4_65,Deepfake,0.917292350627228,0.0
id17_id1_0007.mp4_8,Deepfake,0.8242420622564853,0.0
id17_id1_0009.mp4_198,Deepfake,0.8846106799636779,0.0
id17_id2_0000.mp4_267,Real,0.9931398490414889,0.0
id17_id2_0001.mp4_157,Real,0.9981700333761077,0.0
id17_id2_0002.mp4_141,Deepfake,0.9222447183340564,0.0
id17_id2_0003.mp4_109,Deepfake,0.8971984287734734,0.0
id17_id2_0004.mp4_248,Deepfake,0.8664581365196014,0.0
id17_id2_0005.mp4_298,Deepfake,0.9070472479329226,0.0
id17_id2_0006.mp4_43,Deepfake,0.7720825194911864,0.0
id17_id2_0007.mp4_9,Deepfake,0.796578459905895,0.0
id17_id2_0009.mp4_10,Real,0.9949524233000339,0.0
id17_id3_0000.mp4_60,Deepfake,0.8772121955774925,0.0
id17_id3_0001.mp4_275,Deepfake,0.883622067301474,0.0
id17_id3_0002.mp4_305,Real,0.9547878018607758,0.0
id17_id3_0003.mp4_206,Real,0.9919067648963327,0.0
id17_id3_0004.mp4_75,Real,0.985370622004954,0.0
id17_id3_0005.mp4_6,Deepfake,0.9467176073474023,0.0
id17_id3_0006.mp4_67,Deepfake,0.8365898951069058,0.0
id17_id3_0007.mp4_20,Deepfake,0.8587842689412688,0.0
id17_id3_0009.mp4_125,Deepfake,0.9315499378288702,0.0
id17_id6_0000.mp4_253,Real,0.9947634402843188,0.0
id17_id6_0001.mp4_264,Deepfake,0.9011554744143656,0.0
id17_id6_0002.mp4_247,Deepfake,0.8803823907856333,0.0
id17_id6_0003.mp4_194,Real,0.9928653155031533,0.0
id17_id6_0004.mp4_132,Deepfake,0.880660084386195,0.0
id17_id6_0005.mp4_77,Deepfake,0.7866701986639424,0.0
id17_id6_0006.mp4_150,Deepfake,0.7740099884194268,0.0
id17_id6_0007.mp4_232,Deepfake,0.9495322506823052,0.0
id17_id6_0009.mp4_181,Deepfake,0.9108050695539709,0.0
id17_id9_0000.mp4_151,Deepfake,0.9159452918780183,0.0
id17_id9_0001.mp4_25,Deepfake,0.8274117308519044,0.0
id17_id9_0002.mp4_286,Deepfake,0.9276359324068555,0.0
id17_id9_0003.mp4_16,Deepfake,0.9415560755314601,0.0
id17_id9_0004.mp4_168,Deepfake,0.8208056960508638,0.0
id17_id9_0005.mp4_8,Deepfake,0.8308739711412383,0.0
id17_id9_0006.mp4_62,Deepfake,0.9060530828179779,0.0
id17_id9_0007.mp4_38,Deepfake,0.9364013024325512,0.0
id17_id9_0009.mp4_69,Deepfake,0.8198644677290937,0.0
id1_0000.mp4_70,Deepfake,0.9467485650093038,1.0
id1_0001.mp4_217,Deepfake,0.9409321391461258,1.0
id1_0002.mp4_182,Deepfake,0.8468591343203106,1.0
id1_0003.mp4_370,Real,0.9877388507408789,1.0
id1_0004.mp4_296,Deepfake,0.9332057516183319,1.0
id1_0005.mp4_324,Real,0.9556577542348967,1.0
id1_0006.mp4_328,Real,0.9990044832175919,1.0
id1_0007.mp4_36,Real,0.9958970493600314,1.0
id1_0008.mp4_68,Not enough frames,1.0,
id1_0009.mp4_388,Deepfake,0.9262579166894969,1.0
id1_id0_0000.mp4_97,Deepfake,0.7991892135784702,0.0
id1_id0_0001.mp4_245,Real,0.952143135503842,0.0
id1_id0_0002.mp4_100,Deepfake,0.9170684042388337,0.0
id1_id0_0003.mp4_291,Real,0.9583507871862342,0.0
id1_id0_0004.mp4_196,Real,0.998423598400242,0.0
id1_id0_0005.mp4_340,Deepfake,0.8691673243617889,0.0
id1_id0_0006.mp4_451,Deepfake,0.8914091128584262,0.0
id1_id0_0007.mp4_144,Real,0.9966529023567433,0.0
id1_id0_0009.mp4_325,Deepfake,0.9303318784507021,0.0
id1_id16_0000.mp4_75,Deepfake,0.8727729379636542,0.0
id1_id16_0001.mp4_53,Deepfake,0.9449233967605146,0.0
id1_id16_0002.mp4_326,Real,0.9929659737160823,0.0
id1_id16_0003.mp4_290,Real,0.9585078781423547,0.0
id1_id16_0004.mp4_381,Deepfake,0.9320865585998427,0.0
id1_id16_0005.mp4_153,Deepfake,0.9383752300415512,0.0
id1_id16_0006.mp4_115,Real,0.9968579180158259,0.0
id1_id16_0007.mp4_74,Real,0.9993728786993727,0.0
id1_id16_0009.mp4_322,Deepfake,0.8896624786564332,0.0
id1_id17_0000.mp4_155,Real,0.9904820334893418,0.0
id1_id17_0001.mp4_240,Real,0.9822756590941182,0.0
id1_id17_0002.mp4_275,Real,0.9881310277488985,0.0
id1_id17_0003.mp4_122,Deepfake,0.928605849960152,0.0
id1_id17_0004.mp4_305,Deepfake,0.9385887464917164,0.0
id1_id17_0005.mp4_379,Deepfake,0.9241528333372204,0.0
id1_id17_0006.mp4_401,Deepfake,0.9125130338879088,0.0
id1_id17_0007.mp4_204,Deepfake,0.9161856102104232,0.0
id1_id17_0009.mp4_150,Deepfake,0.8977613922505511,0.0
id1_id2_0000.mp4_273,Deepfake,0.945032965413117,0.0
id1_id2_0001.mp4_94,Deepfake,0.9436072338777026,0.0
id1_id2_0002.mp4_243,Real,0.991779520945958,0.0
id1_id2_0003.mp4_388,Real,0.964241871911375,0.0
id1_id2_0004.mp4_169,Deepfake,0.9235034555908777,0.0
id1_id2_0005.mp4_201,Deepfake,0.9029898264660644,0.0
id1_id2_0006.mp4_124,Real,0.9705770971131376,0.0
id1_id2_0007.mp4_41,Real,0.9977251465756454,0.0
id1_id2_0009.mp4_133,Deepfake,0.738031579807958,0.0
id1_id3_0000.mp4_340,Deepfake,0.9248432879191764,0.0
id1_id3_0001.mp4_50,Deepfake,0.9438632078965739,0.0
id1_id3_0002.mp4_41,Real,0.9916683826510032,0.0
id1_id3_0003.mp4_290,Real,0.9704163024942734,0.0
id1_id3_0004.mp4_158,Real,0.9661677649010222,0.0
id1_id3_0005.mp4_55,Real,0.9890309581741079,0.0
id1_id3_0006.mp4_25,Real,0.9995795283779633,0.0
id1_id3_0007.mp4_220,Real,0.9996142661544681,0.0
id1_id3_0009.mp4_21,Deepfake,0.8462882803937428,0.0
id1_id4_0000.mp4_24,Deepfake,0.9155215281793193,0.0
id1_id4_0001.mp4_74,Deepfake,0.9490235817254397,0.0
id1_id4_0002.mp4_72,Real,0.9935856766098303,0.0
id1_id4_0003.mp4_121,Real,0.9520548952358978,0.0
id1_id4_0004.mp4_109,Deepfake,0.9151369349195371,0.0
id1_id4_0005.mp4_108,Deepfake,0.8445006243361799,0.0
id1_id4_0006.mp4_95,Real,0.9919506765639509,0.0
id1_id4_0007.mp4_155,Real,0.9993659521004971,0.0
id1_id4_0009.mp4_15,Deepfake,0.7458806996092492,0.0
id1_id6_0000.mp4_9,Real,0.9543509376212879,0.0
id1_id6_0001.mp4_189,Deepfake,0.8278800740148836,0.0
id1_id6_0002.mp4_376,Real,0.9921574245314772,0.0
id1_id6_0003.mp4_98,Deepfake,0.9355963086291349,0.0
id1_id6_0004.mp4_241,Deepfake,0.8724764410103273,0.0
id1_id6_0005.mp4_367,Deepfake,0.8069362379866817,0.0
id1_id6_0006.mp4_68,Deepfake,0.8499956597240114,0.0
id1_id6_0007.mp4_282,Real,0.95882895531597,0.0
id1_id6_0009.mp4_237,Deepfake,0.908800026759179,0.0
id1_id9_0000.mp4_164,Deepfake,0.914201753657989,0.0
id1_id9_0001.mp4_154,Real,0.9716550655690045,0.0
id1_id9_0002.mp4_11,Real,0.9670659673885145,0.0
id1_id9_0003.mp4_229,Deepfake,0.946717949742862,0.0
id1_id9_0004.mp4_351,Real,0.959839000578926,0.0
id1_id9_0005.mp4_360,Deepfake,0.7580687715820672,0.0
id1_id9_0006.mp4_387,Deepfake,0.9224732739056202,0.0
id1_id9_0007.mp4_204,Real,0.999806236881182,0.0
id1_id9_0009.mp4_207,Deepfake,0.8890929376350418,0.0
id2_0000.mp4_149,Deepfake,0.889473851758792,1.0
id2_0001.mp4_198,Real,0.9944290388384047,1.0
id2_0002.mp4_291,Real,0.9968495298445114,1.0
id2_0003.mp4_182,Real,0.9603234114866229,1.0
id2_0004.mp4_90,Real,0.9922740682433144,1.0
id2_0005.mp4_126,Real,0.9976709224926542,1.0
id2_0006.mp4_133,Deepfake,0.898361189053493,1.0
id2_0007.mp4_308,Real,0.9970715482205023,1.0
id2_0008.mp4_190,Deepfake,0.9222006733279206,1.0
id2_0009.mp4_155,Real,0.9746406603201571,1.0
id2_id0_0000.mp4_269,Real,0.9917813507178983,0.0
id2_id0_0001.mp4_64,Deepfake,0.9355536697299378,0.0
id2_id0_0002.mp4_49,Real,0.9684534671705535,0.0
id2_id0_0003.mp4_256,Deepfake,0.9319614774246677,0.0
id2_id0_0004.mp4_322,Deepfake,0.9193031045305897,0.0
id2_id0_0005.mp4_237,Real,0.9976111252532476,0.0
id2_id0_0006.mp4_72,Deepfake,0.9466246674338273,0.0
id2_id0_0007.mp4_331,Deepfake,0.9341989763420178,0.0
id2_id0_0008.mp4_218,Deepfake,0.9192861355032632,0.0
id2_id0_0009.mp4_104,Deepfake,0.8981419486768621,0.0
id2_id16_0000.mp4_87,Real,0.984318629455808,0.0
id2_id16_0001.mp4_268,Real,0.9918983062600315,0.0
id2_id16_0002.mp4_84,Deepfake,0.9464420288414207,0.0
id2_id16_0003.mp4_153,Deepfake,0.7833648551368231,0.0
id2_id16_0004.mp4_341,Real,0.9557101171250907,0.0
id2_id16_0005.mp4_158,Real,0.9669081177065215,0.0
id2_id16_0006.mp4_206,Deepfake,0.8961826128266351,0.0
id2_id16_0007.mp4_43,Deepfake,0.8106076741301174,0.0
id2_id16_0008.mp4_275,Deepfake,0.8964896998194984,0.0
id2_id16_0009.mp4_40,Deepfake,0.9157448055920381,0.0
id2_id17_0000.mp4_243,Deepfake,0.7337103128166416,0.0
id2_id17_0001.mp4_55,Deepfake,0.7781304391793303,0.0
id2_id17_0002.mp4_325,Real,0.9540145792178921,0.0
id2_id17_0003.mp4_162,Deepfake,0.7142994909609756,0.0
id2_id17_0004.mp4_371,Real,0.9707391717202181,0.0
id2_id17_0005.mp4_211,Real,0.9939396253085669,0.0
id2_id17_0006.mp4_38,Deepfake,0.8577956107627983,0.0
id2_id17_0007.mp4_448,Real,0.9966204287073143,0.0
id2_id17_0008.mp4_260,Real,0.9622620290789432,0.0
id2_id17_0009.mp4_292,Real,0.9938188120314099,0.0
id2_id1_0000.mp4_233,Deepfake,0.8673267747085455,0.0
id2_id1_0001.mp4_2,Deepfake,0.8852109556037139,0.0
id2_id1_0002.mp4_142,Real,0.998955539891631,0.0
id2_id1_0003.mp4_330,Deepfake,0.8837573413339403,0.0
id2_id1_0004.mp4_28,Real,0.9937428875072016,0.0
id2_id1_0005.mp4_211,Real,0.9941644219628869,0.0
id2_id1_0006.mp4_254,Deepfake,0.868669695153578,0.0
id2_id1_0007.mp4_139,Deepfake,0.8699391200547023,0.0
id2_id1_0008.mp4_495,Deepfake,0.877463061568968,0.0
id2_id1_0009.mp4_153,Real,0.9763773334138984,0.0
id2_id3_0000.mp4_268,Real,0.9864924307826357,0.0
id2_id3_0001.mp4_309,Deepfake,0.7386520169107006,0.0
id2_id3_0002.mp4_281,Real,0.9953450517860412,0.0
id2_id3_0003.mp4_242,Deepfake,0.8977265958140425,0.0
id2_id3_0004.mp4_310,Real,0.9966026098945499,0.0
id2_id3_0005.mp4_192,Real,0.9924289619052515,0.0
id2_id3_0006.mp4_87,Deepfake,0.8458825837205936,0.0
id2_id3_0007.mp4_416,Real,0.9884882659656654,0.0
id2_id3_0008.mp4_16,Deepfake,0.8391000127018784,0.0
id2_id3_0009.mp4_18,Deepfake,0.9131544367672788,0.0
id2_id4_0000.mp4_341,Real,0.9948777960792318,0.0
id2_id4_0001.mp4_202,Real,0.9947178658873947,0.0
id2_id4_0002.mp4_345,Deepfake,0.9380528763361048,0.0
id2_id4_0003.mp4_43,Real,0.9953835493128907,0.0
id2_id4_0006.mp4_363,Deepfake,0.9209811157521653,0.0
id2_id4_0007.mp4_214,Deepfake,0.9477486809111153,0.0
id2_id4_0008.mp4_496,Deepfake,0.7717099748276316,0.0
id2_id4_0009.mp4_18,Deepfake,0.9146015632676282,0.0
id2_id6_0001.mp4_24,Deepfake,0.8893802626662505,0.0
id2_id6_0002.mp4_222,Real,0.988615849635003,0.0
id2_id6_0003.mp4_319,Real,0.9880960508076605,0.0
id2_id6_0004.mp4_67,Deepfake,0.8930036771421578,0.0
id2_id6_0005.mp4_52,Real,0.9981992344544367,0.0
id2_id6_0006.mp4_222,Deepfake,0.8996355937280683,0.0
id2_id6_0007.mp4_358,Deepfake,0.9085168692011423,0.0
id2_id6_0008.mp4_273,Deepfake,0.8099817499870464,0.0
id2_id6_0009.mp4_225,Deepfake,0.9432881668224318,0.0
id2_id9_0000.mp4_28,Deepfake,0.8624066728936813,0.0
id2_id9_0001.mp4_106,Deepfake,0.661434714086994,0.0
id2_id9_0002.mp4_257,Deepfake,0.9416315753524119,0.0
id2_id9_0003.mp4_53,Deepfake,0.9351981995569711,0.0
id2_id9_0004.mp4_402,Real,0.9938960243439925,0.0
id2_id9_0005.mp4_101,Real,0.9938784229206875,0.0
id2_id9_0006.mp4_284,Real,0.9871267722953871,0.0
id2_id9_0007.mp4_230,Deepfake,0.9273714002002351,0.0
id2_id9_0008.mp4_492,Deepfake,0.9124769205841207,0.0
id2_id9_0009.mp4_162,Real,0.9882724016781895,0.0
id3_0000.mp4_2,Real,0.986523583526245,1.0
id3_0001.mp4_215,Deepfake,0.8716984369800582,1.0
id3_0002.mp4_400,Deepfake,0.9497138227486727,1.0
id3_0003.mp4_170,Real,0.9519144156179219,1.0
id3_0004.mp4_368,Deepfake,0.8907679759950716,1.0
id3_0005.mp4_110,Deepfake,0.7712964128539824,1.0
id3_0006.mp4_379,Real,0.9744418421143725,1.0
id3_0007.mp4_83,Real,0.9798749534428762,1.0
id3_0008.mp4_429,Deepfake,0.8235233235744914,1.0
id3_0009.mp4_54,Real,0.969096953291598,1.0
id3_id0_0000.mp4_204,Real,0.9910582568287739,0.0
id3_id0_0001.mp4_95,Deepfake,0.8889753283837686,0.0
id3_id0_0002.mp4_148,Deepfake,0.8855623279653723,0.0
id3_id0_0003.mp4_180,Deepfake,0.9126795551633428,0.0
id3_id0_0004.mp4_184,Deepfake,0.8563436633732047,0.0
id3_id0_0005.mp4_289,Deepfake,0.8651153057320428,0.0
id3_id0_0006.mp4_340,Real,0.9971305732397101,0.0
id3_id0_0007.mp4_216,Deepfake,0.817429467524816,0.0
id3_id0_0008.mp4_103,Deepfake,0.9419510336342948,0.0
id3_id0_0009.mp4_136,Real,0.9970481518744017,0.0
id3_id16_0000.mp4_49,Deepfake,0.8084595008054202,0.0
id3_id16_0001.mp4_32,Deepfake,0.9356390359695171,0.0
id3_id16_0002.mp4_34,Deepfake,0.9281038073349904,0.0
id3_id16_0003.mp4_337,Deepfake,0.8732013453141864,0.0
id3_id16_0004.mp4_302,Real,0.9956361062881716,0.0
id3_id16_0005.mp4_81,Deepfake,0.7767777962179718,0.0
id3_id16_0006.mp4_209,Deepfake,0.9065880396950793,0.0
id3_id16_0008.mp4_67,Real,0.9612706311206192,0.0
id3_id16_0009.mp4_147,Real,0.9927816521878667,0.0
id3_id17_0000.mp4_327,Real,0.979270442166102,0.0
id3_id17_0001.mp4_205,Deepfake,0.7097709062148083,0.0
id3_id17_0002.mp4_413,Deepfake,0.9302626037313453,0.0
id3_id17_0003.mp4_307,Deepfake,0.906035632273791,0.0
id3_id17_0004.mp4_410,Real,0.9961851891866772,0.0
id3_id17_0005.mp4_260,Real,0.9829853777724157,0.0
id3_id17_0006.mp4_253,Deepfake,0.9255895826346685,0.0
id3_id17_0007.mp4_152,Deepfake,0.8777152113081331,0.0
id3_id17_0008.mp4_183,Deepfake,0.9070007323941081,0.0
id3_id17_0009.mp4_11,Real,0.9978447532762417,0.0
id3_id1_0001.mp4_214,Deepfake,0.9299465128124453,0.0
id3_id1_0002.mp4_3,Real,0.9578374470958987,0.0
id3_id1_0003.mp4_3,Deepfake,0.9396405475599299,0.0
id3_id1_0004.mp4_291,Real,0.9878103720844185,0.0
id3_id1_0005.mp4_220,Deepfake,0.8867249124402694,0.0
id3_id1_0006.mp4_118,Deepfake,0.8384011594465078,0.0
id3_id1_0007.mp4_108,Deepfake,0.9059214850396667,0.0
id3_id1_0008.mp4_271,Real,0.969430023046812,0.0
id3_id1_0009.mp4_452,Real,0.9594890106051929,0.0
id3_id2_0000.mp4_208,Real,0.9947952910629717,0.0
id3_id2_0001.mp4_209,Deepfake,0.8274657677740095,0.0
id3_id2_0002.mp4_134,Deepfake,0.9254003803511425,0.0
id3_id2_0003.mp4_225,Deepfake,0.8945266778191662,0.0
id3_id2_0004.mp4_11,Deepfake,0.9150021284326552,0.0
id3_id2_0005.mp4_153,Deepfake,0.9367479708899754,0.0
id3_id2_0006.mp4_226,Deepfake,0.7605950996715031,0.0
id3_id2_0007.mp4_60,Deepfake,0.9130586900504593,0.0
id3_id2_0008.mp4_283,Deepfake,0.8827273255884617,0.0
id3_id2_0009.mp4_191,Real,0.9529709156546694,0.0
id3_id4_0001.mp4_163,Real,0.9751075668302746,0.0
id3_id4_0003.mp4_230,Deepfake,0.8340974559457256,0.0
id3_id4_0004.mp4_286,Deepfake,0.9397975763953,0.0
id3_id4_0005.mp4_194,Deepfake,0.8913870228630489,0.0
id3_id4_0006.mp4_310,Real,0.9946890792951341,0.0
id3_id4_0008.mp4_36,Real,0.9515606209762594,0.0
id3_id6_0000.mp4_392,Deepfake,0.8996737417343211,0.0
id3_id6_0001.mp4_297,Deepfake,0.7998336054992481,0.0
id3_id6_0002.mp4_220,Real,0.9696377738504769,0.0
id3_id6_0003.mp4_227,Deepfake,0.8271634577183081,0.0
id3_id6_0004.mp4_69,Deepfake,0.912443419194254,0.0
id3_id6_0005.mp4_322,Deepfake,0.7238281889549967,0.0
id3_id6_0006.mp4_252,Real,0.9895811828637483,0.0
id3_id6_0007.mp4_188,Deepfake,0.849114488341196,0.0
id3_id6_0008.mp4_225,Real,0.9981912199708618,0.0
id3_id6_0009.mp4_230,Real,0.9946722110869834,0.0
id3_id9_0000.mp4_25,Real,0.9536416421669919,0.0
id3_id9_0001.mp4_134,Deepfake,0.8993494248901068,0.0
id3_id9_0002.mp4_412,Deepfake,0.945954459163378,0.0
id3_id9_0003.mp4_32,Deepfake,0.9156223276311103,0.0
id3_id9_0004.mp4_104,Real,0.9964803130233076,0.0
id3_id9_0005.mp4_106,Deepfake,0.9113691730368008,0.0
id3_id9_0006.mp4_364,Real,0.9968815532932908,0.0
id3_id9_0007.mp4_281,Deepfake,0.9420753221427223,0.0
id3_id9_0008.mp4_298,Deepfake,0.9278563641669691,0.0
id3_id9_0009.mp4_324,Deepfake,0.8128881698193108,0.0
id4_0000.mp4_184,Deepfake,0.8733837699583075,1.0
id4_0001.mp4_39,Deepfake,0.8616176995876274,1.0
id4_0002.mp4_252,Real,0.9798126514389603,1.0
id4_0003.mp4_98,Deepfake,0.8945069752424736,1.0
id4_0004.mp4_139,Deepfake,0.7799461158725213,1.0
id4_0005.mp4_361,Deepfake,0.9195044536397726,1.0
id4_0006.mp4_158,Deepfake,0.8851112661441096,1.0
id4_0007.mp4_417,Real,0.9933535416131606,1.0
id4_0008.mp4_8,Deepfake,0.8989845013084158,1.0
id4_0009.mp4_111,Real,0.9663641962579516,1.0
id4_id0_0000.mp4_345,Deepfake,0.9213657675339809,0.0
id4_id0_0001.mp4_120,Real,0.9731373472961391,0.0
id4_id0_0002.mp4_77,Real,0.9884876738529592,0.0
id4_id0_0003.mp4_30,Real,0.996554512096603,0.0
id4_id0_0004.mp4_361,Deepfake,0.8728187976233589,0.0
id4_id0_0005.mp4_353,Real,0.9869444137433061,0.0
id4_id0_0006.mp4_102,Deepfake,0.8199679175831313,0.0
id4_id0_0007.mp4_376,Deepfake,0.8487803742879259,0.0
id4_id0_0008.mp4_124,Deepfake,0.8749636464211885,0.0
id4_id0_0009.mp4_173,Deepfake,0.8373576393475823,0.0
id4_id1_0000.mp4_127,Deepfake,0.9427737509005092,0.0
id4_id1_0001.mp4_425,Deepfake,0.9419144118042785,0.0
id4_id1_0002.mp4_64,Real,0.9604927010612866,0.0
id4_id1_0003.mp4_55,Real,0.9604457454345315,0.0
id4_id1_0004.mp4_101,Deepfake,0.8108800264945824,0.0
id4_id1_0005.mp4_388,Deepfake,0.8286422854809278,0.0
id4_id1_0006.mp4_186,Deepfake,0.7707366458318186,0.0
id4_id1_0007.mp4_47,Deepfake,0.7745811605023739,0.0
id4_id1_0008.mp4_132,Real,0.9534425363334885,0.0
id4_id1_0009.mp4_233,Deepfake,0.9199044308280605,0.0
id4_id2_0000.mp4_410,Real,0.9974326103349243,0.0
id4_id2_0001.mp4_88,Real,0.9896077902208881,0.0
id4_id2_0002.mp4_171,Real,0.9970299081693178,0.0
id4_id2_0003.mp4_105,Real,0.9504855362692909,0.0
id4_id2_0004.mp4_218,Real,0.9597029820901027,0.0
id4_id2_0005.mp4_66,Deepfake,0.9036021448009383,0.0
id4_id2_0006.mp4_120,Deepfake,0.7126949195058457,0.0
id4_id2_0007.mp4_166,Deepfake,0.7758027417309495,0.0
id4_id2_0008.mp4_238,Deepfake,0.8666379848320176,0.0
id4_id2_0009.mp4_157,Real,0.9514526885985286,0.0
id4_id3_0000.mp4_403,Deepfake,0.9341455832768574,0.0
id4_id3_0001.mp4_53,Deepfake,0.8845690879840906,0.0
id4_id3_0002.mp4_47,Real,0.988176481921947,0.0
id4_id3_0003.mp4_406,Deepfake,0.9358164079056852,0.0
id4_id3_0004.mp4_279,Deepfake,0.9384445180177917,0.0
id4_id3_0005.mp4_224,Deepfake,0.9132649755223258,0.0
id4_id3_0006.mp4_58,Deepfake,0.8113397123349213,0.0
id4_id3_0007.mp4_256,Real,0.9591275894207165,0.0
id4_id3_0008.mp4_27,Deepfake,0.9197718650366717,0.0
id4_id3_0009.mp4_205,Real,0.9906327696548918,0.0
id4_id6_0000.mp4_97,Deepfake,0.9497307955487205,0.0
id4_id6_0001.mp4_187,Deepfake,0.9365647506350893,0.0
id4_id6_0002.mp4_294,Real,0.9910570050583438,0.0
id4_id6_0003.mp4_140,Deepfake,0.6889684210248417,0.0
id4_id6_0004.mp4_263,Deepfake,0.8958558181877041,0.0
id4_id6_0005.mp4_35,Real,0.9785517658791357,0.0
id4_id6_0006.mp4_64,Deepfake,0.9014314767152396,0.0
id4_id6_0007.mp4_330,Real,0.9987877190328548,0.0
id4_id6_0008.mp4_101,Real,0.9640299267784408,0.0
id4_id6_0009.mp4_208,Real,0.9914321631039492,0.0
id4_id9_0000.mp4_121,Deepfake,0.8617284944232749,0.0
id4_id9_0001.mp4_4,Real,0.9962653880259104,0.0
id4_id9_0002.mp4_399,Deepfake,0.8649302077912246,0.0
id4_id9_0003.mp4_36,Real,0.9968296118766772,0.0
id4_id9_0004.mp4_138,Deepfake,0.7543267649631726,0.0
id4_id9_0005.mp4_148,Real,0.9730190031109719,0.0
id4_id9_0006.mp4_50,Real,0.9805390094012424,0.0
id4_id9_0007.mp4_187,Deepfake,0.8746206242789026,0.0
id4_id9_0008.mp4_96,Real,0.9547908501611316,0.0
id6_0000.mp4_541,Real,0.9557469275446571,1.0
id6_0001.mp4_280,Deepfake,0.9135432561158531,1.0
id6_0002.mp4_257,Real,0.9978928372094887,1.0
id6_0003.mp4_352,Deepfake,0.9231245011597672,1.0
id6_0004.mp4_292,Deepfake,0.8730749459845608,1.0
id6_0005.mp4_71,Real,0.9871075809325831,1.0
id6_0006.mp4_61,Deepfake,0.9368123619229358,1.0
id6_0007.mp4_463,Deepfake,0.8471513750621025,1.0
id6_0008.mp4_147,Deepfake,0.9096952278191945,1.0
id6_0009.mp4_372,Deepfake,0.949405659814603,1.0
id6_id0_0000.mp4_171,Real,0.9614143016926081,0.0
id6_id0_0001.mp4_192,Deepfake,0.908268427347381,0.0
id6_id0_0002.mp4_155,Deepfake,0.9414728008062384,0.0
id6_id0_0003.mp4_185,Real,0.9922067709601602,0.0
id6_id0_0004.mp4_116,Deepfake,0.935336448058001,0.0
id6_id0_0005.mp4_352,Deepfake,0.8212049623208546,0.0
id6_id0_0006.mp4_259,Real,0.9916058580332222,0.0
id6_id0_0007.mp4_397,Real,0.974997676316449,0.0
id6_id0_0008.mp4_278,Deepfake,0.8996497309782465,0.0
id6_id0_0009.mp4_285,Real,0.9956160212864194,0.0
id6_id16_0000.mp4_81,Real,0.9723242079391181,0.0
id6_id16_0001.mp4_122,Real,0.9504063258289835,0.0
id6_id16_0002.mp4_568,Deepfake,0.8889356036724422,0.0
id6_id16_0003.mp4_310,Real,0.9962213153921269,0.0
id6_id16_0004.mp4_208,Deepfake,0.8951139087025897,0.0
id6_id16_0005.mp4_340,Deepfake,0.8628844177384818,0.0
id6_id16_0006.mp4_28,Real,0.9930938407683769,0.0
id6_id16_0007.mp4_374,Deepfake,0.918503656045631,0.0
id6_id16_0008.mp4_11,Real,0.9970633688420839,0.0
id6_id16_0009.mp4_473,Deepfake,0.8985111851372186,0.0
id6_id17_0000.mp4_437,Real,0.99575159226528,0.0
id6_id17_0001.mp4_153,Deepfake,0.941208999861075,0.0
id6_id17_0002.mp4_205,Real,0.9946249584838468,0.0
id6_id17_0003.mp4_215,Real,0.9669941726766788,0.0
id6_id17_0004.mp4_114,Real,0.9895683693082034,0.0
id6_id17_0005.mp4_222,Deepfake,0.8844512217498077,0.0
id6_id17_0006.mp4_58,Deepfake,0.9216656480012717,0.0
id6_id17_0007.mp4_117,Deepfake,0.8746191178243369,0.0
id6_id17_0008.mp4_127,Real,0.9970301550386658,0.0
id6_id17_0009.mp4_482,Real,0.9562451799622121,0.0
id6_id1_0000.mp4_337,Real,0.9947375987811242,0.0
id6_id1_0001.mp4_291,Deepfake,0.9338681241093073,0.0
id6_id1_0002.mp4_495,Deepfake,0.9328240947741346,0.0
id6_id1_0003.mp4_60,Deepfake,0.8669081860156382,0.0
id6_id1_0004.mp4_236,Deepfake,0.941920414539323,0.0
id6_id1_0005.mp4_239,Real,0.967811862333393,0.0
id6_id1_0006.mp4_201,Real,0.9902708963678861,0.0
id6_id1_0007.mp4_400,Real,0.9901473950995946,0.0
id6_id1_0008.mp4_2,Deepfake,0.9262727389570848,0.0
id6_id1_0009.mp4_289,Real,0.996355438842831,0.0
id6_id2_0000.mp4_9,Real,0.9989882282816338,0.0
id6_id2_0001.mp4_80,Deepfake,0.8113698933339616,0.0
id6_id2_0002.mp4_330,Deepfake,0.868976360566229,0.0
id6_id2_0003.mp4_187,Deepfake,0.9462442409074815,0.0
id6_id2_0004.mp4_278,Deepfake,0.8538260425640591,0.0
id6_id2_0005.mp4_257,Real,0.9952624217305481,0.0
id6_id2_0006.mp4_134,Real,0.9667645625441889,0.0
id6_id2_0007.mp4_76,Real,0.9743063845475066,0.0
id6_id2_0008.mp4_36,Deepfake,0.9282629390691649,0.0
id6_id2_0009.mp4_43,Deepfake,0.886376177146449,0.0
id6_id3_0000.mp4_247,Deepfake,0.7879061574898155,0.0
id6_id3_0001.mp4_244,Deepfake,0.8550123336807453,0.0
id6_id3_0002.mp4_437,Real,0.9645210961152956,0.0
id6_id3_0003.mp4_96,Deepfake,0.8726380707241277,0.0
id6_id3_0004.mp4_389,Deepfake,0.7956846139248687,0.0
id6_id3_0005.mp4_191,Deepfake,0.9007545844716005,0.0
id6_id3_0006.mp4_39,Real,0.9938796368885368,0.0
id6_id3_0007.mp4_540,Real,0.9614356399426356,0.0
id6_id3_0008.mp4_341,Real,0.9967500642798178,0.0
id6_id3_0009.mp4_87,Real,0.9671543600397668,0.0
id6_id4_0001.mp4_22,Real,0.9989994780381366,0.0
id6_id4_0004.mp4_135,Real,0.9934415150329119,0.0
id6_id4_0005.mp4_313,Real,0.9507367759880012,0.0
id6_id4_0006.mp4_260,Real,0.9920618857327177,0.0
id6_id4_0007.mp4_0,Real,0.9973298639538289,0.0
id6_id4_0008.mp4_321,Real,0.9964604383640125,0.0
id6_id4_0009.mp4_122,Deepfake,0.809603341569309,0.0
id6_id9_0000.mp4_24,Real,0.9984121944986163,0.0
id6_id9_0001.mp4_235,Deepfake,0.8212258632076374,0.0
id6_id9_0002.mp4_164,Real,0.995674305957213,0.0
id6_id9_0003.mp4_65,Deepfake,0.8332142296189644,0.0
id6_id9_0004.mp4_156,Deepfake,0.8793672875675714,0.0
id6_id9_0005.mp4_203,Real,0.9676895311103162,0.0
id6_id9_0006.mp4_168,Real,0.9826011010057102,0.0
id6_id9_0007.mp4_20,Real,0.9972214673000767,0.0
id6_id9_0008.mp4_250,Deepfake,0.7719117623451033,0.0
id6_id9_0009.mp4_464,Real,0.9965164212982209,0.0
id7_0000.mp4_100,Deepfake,0.8284414690924856,1.0
id7_0001.mp4_277,Deepfake,0.8958952390068525,1.0
id7_0002.mp4_101,Deepfake,0.9157109901825344,1.0
id7_0003.mp4_140,Deepfake,0.898110025116599,1.0
id7_0004.mp4_424,Real,0.9803629174008262,1.0
id7_0005.mp4_86,Deepfake,0.9382231284088894,1.0
id7_0006.mp4_40,Deepfake,0.7669139144087254,1.0
id7_0007.mp4_115,Deepfake,0.7995423092494918,1.0
id7_0008.mp4_70,Real,0.9953735292286652,1.0
id7_0009.mp4_101,Deepfake,0.8619794906483601,1.0
id7_id10_0001.mp4_209,Deepfake,0.9370398900779832,0.0
id7_id10_0002.mp4_184,Real,0.9897254692592554,0.0
id7_id10_0003.mp4_210,Deepfake,0.8843964913347857,0.0
id7_id10_0004.mp4_463,Real,0.9948778796234022,0.0
id7_id10_0005.mp4_8,Real,0.9940780170376428,0.0
id7_id10_0007.mp4_256,Deepfake,0.9380066781826172,0.0
id7_id10_0009.mp4_126,Deepfake,0.9356435059576086,0.0
id7_id11_0000.mp4_209,Deepfake,0.9032296659470537,0.0
id7_id11_0001.mp4_248,Deepfake,0.7764847045275239,0.0
id7_id11_0002.mp4_69,Real,0.9974345113508879,0.0
id7_id11_0004.mp4_75,Real,0.996678612353742,0.0
id7_id11_0005.mp4_13,Deepfake,0.7005843901220774,0.0
id7_id11_0006.mp4_197,Deepfake,0.8598611085459237,0.0
id7_id11_0007.mp4_313,Deepfake,0.7506929224409826,0.0
id7_id11_0009.mp4_220,Deepfake,0.8523692619185416,0.0
id7_id12_0000.mp4_25,Deepfake,0.8905925698049232,0.0
id7_id12_0002.mp4_185,Real,0.9903228545516306,0.0
id7_id12_0004.mp4_155,Real,0.9647946855797014,0.0
id7_id12_0005.mp4_78,Deepfake,0.8693629066238405,0.0
id7_id12_0007.mp4_187,Deepfake,0.7945711960779843,0.0
id7_id12_0009.mp4_150,Real,0.9674981414758019,0.0
id7_id13_0000.mp4_149,Deepfake,0.9427137755507428,0.0
id7_id13_0001.mp4_156,Real,0.9975061146025038,0.0
id7_id13_0002.mp4_143,Real,0.9753061284382093,0.0
id7_id13_0004.mp4_441,Real,0.9753250391196129,0.0
id7_id13_0005.mp4_69,Real,0.9955669444315337,0.0
id7_id13_0006.mp4_111,Deepfake,0.8601555373662574,0.0
id7_id13_0007.mp4_126,Real,0.9898455919030262,0.0
id7_id13_0009.mp4_413,Deepfake,0.8697955388638715,0.0
id8_0001.mp4_220,Deepfake,0.8448298665771794,1.0
id8_0002.mp4_298,Real,0.9595223997711934,1.0
id8_0003.mp4_215,Deepfake,0.8765381288186712,1.0
id8_0004.mp4_59,Deepfake,0.8893204995774666,1.0
id8_0005.mp4_107,Real,0.9628808393261831,1.0
id8_0006.mp4_186,Deepfake,0.946169546202082,1.0
id8_0007.mp4_191,Real,0.9553879587006407,1.0
id8_0008.mp4_116,Deepfake,0.892282408615459,1.0
id8_0009.mp4_283,Deepfake,0.7935409269738478,1.0
id8_id0_0002.mp4_18,Real,0.9845318309142482,0.0
id8_id0_0003.mp4_366,Deepfake,0.8937624967930617,0.0
id8_id0_0007.mp4_335,Deepfake,0.8901137259708857,0.0
id8_id0_0008.mp4_93,Real,0.989545325164202,0.0
id8_id1_0002.mp4_348,Deepfake,0.8674027465122738,0.0
id8_id1_0003.mp4_12,Deepfake,0.8696637078535009,0.0
id8_id1_0007.mp4_312,Real,0.9533350372030873,0.0
id8_id1_0008.mp4_149,Deepfake,0.9184420265728428,0.0
id8_id2_0002.mp4_161,Real,0.9566838555329078,0.0
id8_id2_0003.mp4_147,Real,0.9863799323319163,0.0
id8_id2_0007.mp4_241,Deepfake,0.9263579587224551,0.0
id8_id2_0008.mp4_495,Deepfake,0.8992406606637791,0.0
id8_id3_0002.mp4_430,Deepfake,0.920117513745328,0.0
id8_id3_0003.mp4_366,Deepfake,0.9087781504994378,0.0
id8_id3_0007.mp4_224,Real,0.9546756932048223,0.0
id8_id3_0008.mp4_414,Deepfake,0.9036157254083406,0.0
id8_id4_0007.mp4_58,Real,0.9935767755138557,0.0
id8_id5_0002.mp4_217,Deepfake,0.9487879424895251,0.0
id8_id5_0003.mp4_288,Real,0.994059343842864,0.0
id8_id5_0007.mp4_342,Deepfake,0.8591105977706149,0.0
id8_id5_0008.mp4_228,Deepfake,0.8683088807184419,0.0
id8_id6_0002.mp4_121,Deepfake,0.9092475254493109,0.0
id8_id6_0003.mp4_26,Deepfake,0.7613236466437289,0.0
id8_id6_0007.mp4_157,Real,0.9932204696771855,0.0
id8_id6_0008.mp4_305,Deepfake,0.9022426095992515,0.0
id8_id7_0002.mp4_223,Real,0.9653262078295004,0.0
id8_id7_0003.mp4_49,Deepfake,0.8073940439904,0.0
id8_id7_0007.mp4_281,Deepfake,0.8681780886826171,0.0
id8_id7_0008.mp4_99,Deepfake,0.9246222288389382,0.0
id8_id9_0002.mp4_414,Deepfake,0.8812233154490247,0.0
id8_id9_0003.mp4_136,Deepfake,0.9285723356804195,0.0
id8_id9_0007.mp4_156,Real,0.9568001516152441,0.0
id8_id9_0008.mp4_259,Deepfake,0.9187135273941873,0.0
id9_0000.mp4_229,Real,0.9563879019252983,1.0
id9_0001.mp4_6,Deepfake,0.9356079770768616,1.0
id9_0002.mp4_57,Deepfake,0.8585997059727171,1.0
id9_0003.mp4_3,Deepfake,0.8453257800767191,1.0
id9_0004.mp4_196,Deepfake,0.8503756601141833,1.0
id9_0005.mp4_221,Deepfake,0.9361056504613533,1.0
id9_0006.mp4_272,Deepfake,0.7580506879728284,1.0
id9_0007.mp4_368,Deepfake,0.9455860689217299,1.0
id9_0008.mp4_17,Real,0.9664171588748616,1.0
id9_0009.mp4_247,Deepfake,0.9496824575676961,1.0
id9_id0_0000.mp4_267,Deepfake,0.7954351134876817,0.0
id9_id0_0001.mp4_115,Deepfake,0.8945719401180486,0.0
id9_id0_0003.mp4_413,Deepfake,0.9080729819901296,0.0
id9_id0_0004.mp4_276,Deepfake,0.8440772099544728,0.0
id9_id0_0005.mp4_266,Deepfake,0.9167783417298339,0.0
id9_id0_0006.mp4_80,Deepfake,0.9351923015261082,0.0
id9_id0_0007.mp4_249,Deepfake,0.9259467306127628,0.0
id9_id0_0008.mp4_139,Real,0.9630436025127801,0.0
id9_id0_0009.mp4_143,Real,0.9893538445409852,0.0
id9_id16_0000.mp4_255,Deepfake,0.8098023833470829,0.0
id9_id16_0001.mp4_241,Deepfake,0.9251678308735386,0.0
id9_id16_0002.mp4_250,Real,0.99393109801321,0.0
id9_id16_0003.mp4_346,Real,0.998965339869191,0.0
id9_id16_0004.mp4_281,Deepfake,0.8891094993251247,0.0
id9_id16_0005.mp4_354,Deepfake,0.8165226261922296,0.0
id9_id16_0006.mp4_121,Deepfake,0.8789033335102268,0.0
id9_id16_0007.mp4_238,Deepfake,0.8986587475164971,0.0
id9_id16_0008.mp4_101,Deepfake,0.9327019248998727,0.0
id9_id16_0009.mp4_238,Real,0.9515101960300497,0.0
id9_id17_0000.mp4_280,Deepfake,0.9157976439940743,0.0
id9_id17_0001.mp4_303,Deepfake,0.9222270407515475,0.0
id9_id17_0002.mp4_229,Deepfake,0.8186256982324577,0.0
id9_id17_0003.mp4_13,Deepfake,0.8513927303346168,0.0
id9_id17_0004.mp4_181,Deepfake,0.8538625075494634,0.0
id9_id17_0005.mp4_205,Deepfake,0.9310282669769098,0.0
id9_id17_0006.mp4_169,Deepfake,0.8499543846159493,0.0
id9_id17_0007.mp4_246,Deepfake,0.8745432699779033,0.0
id9_id17_0008.mp4_272,Deepfake,0.8600260186500641,0.0
id9_id17_0009.mp4_162,Deepfake,0.9431006385225102,0.0
id9_id1_0000.mp4_224,Deepfake,0.8775242043903974,0.0
id9_id1_0001.mp4_146,Real,0.9619698991891977,0.0
id9_id1_0002.mp4_217,Real,0.9731603872541356,0.0
id9_id1_0004.mp4_41,Deepfake,0.9140595854071663,0.0
id9_id1_0005.mp4_197,Real,0.9571068498730334,0.0
id9_id1_0006.mp4_140,Deepfake,0.7896682579034094,0.0
id9_id1_0008.mp4_339,Real,0.9696521022846362,0.0
id9_id1_0009.mp4_190,Deepfake,0.8536667287133206,0.0
id9_id2_0000.mp4_95,Deepfake,0.9450356884489729,0.0
id9_id2_0001.mp4_15,Deepfake,0.7521129696690139,0.0
id9_id2_0002.mp4_99,Real,0.9928444723187723,0.0
id9_id2_0004.mp4_76,Real,0.9943698520502415,0.0
id9_id2_0005.mp4_320,Deepfake,0.9084830687769846,0.0
id9_id2_0006.mp4_9,Deepfake,0.8337156670857854,0.0
id9_id2_0007.mp4_85,Deepfake,0.8660638838699608,0.0
id9_id2_0008.mp4_423,Deepfake,0.905150932591923,0.0
id9_id2_0009.mp4_156,Deepfake,0.8554304198172425,0.0
id9_id3_0000.mp4_195,Deepfake,0.8138625938730548,0.0
id9_id3_0001.mp4_165,Real,0.96416568800014,0.0
id9_id3_0002.mp4_346,Deepfake,0.9316741212423474,0.0
id9_id3_0004.mp4_340,Deepfake,0.906697737993509,0.0
id9_id3_0005.mp4_97,Deepfake,0.9305347704374153,0.0
id9_id3_0006.mp4_198,Deepfake,0.7088296290882012,0.0
id9_id3_0007.mp4_360,Real,0.996151886796124,0.0
id9_id3_0008.mp4_323,Real,0.9958828554656826,0.0
id9_id3_0009.mp4_48,Deepfake,0.7511771724090534,0.0
id9_id4_0000.mp4_29,Real,0.9976910558610487,0.0
id9_id4_0001.mp4_116,Deepfake,0.8974671458569513,0.0
id9_id4_0002.mp4_232,Deepfake,0.8306453847670583,0.0
id9_id4_0004.mp4_151,Deepfake,0.9151290879684445,0.0
id9_id4_0005.mp4_301,Real,0.9503145844625807,0.0
id9_id4_0006.mp4_27,Deepfake,0.7611708603168604,0.0
id9_id4_0007.mp4_44,Deepfake,0.9383495016019114,0.0
id9_id4_0008.mp4_294,Deepfake,0.8091592386069727,0.0
id9_id4_0009.mp4_248,Real,0.9529653686866822,0.0
id9_id6_0000.mp4_83,Deepfake,0.8301762271142558,0.0
id9_id6_0001.mp4_380,Deepfake,0.8938434469221945,0.0
id9_id6_0002.mp4_281,Real,0.998086483604644,0.0
id9_id6_0004.mp4_107,Deepfake,0.9014511963537416,0.0
id9_id6_0005.mp4_322,Deepfake,0.8834344442705654,0.0
id9_id6_0006.mp4_250,Deepfake,0.8446020954008874,0.0
id9_id6_0007.mp4_263,Deepfake,0.9328547588985974,0.0
id9_id6_0008.mp4_382,Deepfake,0.9202469350106699,0.0
id9_id6_0009.mp4_221,Deepfake,0.9407083549869714,0.0
